SetID,Number,Variant,Theme,Subtheme,Year,Name,Minifigs,Pieces,UKPrice,USPrice,CAPrice,EUPrice,ImageURL,OwnedBy,WantedBy
7325,"620","3","Bricks and More","","2010","Blue Building Plate",,1,7.49,4.99,7.99,,"https://images.brickset.com/sets/images/620-3.jpg",4123,554
8497,"2010","2","Miscellaneous","Employee gift","2010","Happy Holidays - The Christmas Game",,139,,,,,"https://images.brickset.com/sets/images/2010-2.jpg",142,400
7639,"2824","1","City","Seasonal","2010","City Advent Calendar",6,271,24.99,34.99,39.99,,"https://images.brickset.com/sets/images/2824-1.jpg",3469,936
7261,"3177","1","City","Traffic","2010","Small Car",1,43,3.99,4.99,6.99,,"https://images.brickset.com/sets/images/3177-1.jpg",13412,1656
7262,"3178","1","City","Airport","2010","Seaplane",1,102,8.49,10.99,14.99,,"https://images.brickset.com/sets/images/3178-1.jpg",9092,1371
7263,"3179","1","City","Traffic","2010","Repair Truck",1,118,9.99,12.99,17.99,,"https://images.brickset.com/sets/images/3179-1.jpg",9844,1905
7264,"3180","1","City","Traffic","2010","Tank Truck",1,222,14.99,19.99,26.99,,"https://images.brickset.com/sets/images/3180-1.jpg",9116,2770
7298,"3181","1","City","Airport","2010","Passenger Plane",3,309,35.99,39.99,54.99,,"https://images.brickset.com/sets/images/3181-1.jpg",6001,2330
7265,"3182","1","City","Airport","2010","Airport",5,703,81.99,99.99,129.99,,"https://images.brickset.com/sets/images/3182-1.jpg",5250,3220
7597,"3221","1","City","Traffic","2010","LEGO City Truck",2,278,29.99,34.99,44.99,,"https://images.brickset.com/sets/images/3221-1.jpg",10521,3566
7568,"3222","1","City","Airport","2010","Helicopter and Limousine",4,267,19.99,29.99,39.99,,"https://images.brickset.com/sets/images/3222-1.jpg",4426,2936
7585,"3845","1","Games","","2010","Shave A Sheep",,118,7.99,9.99,12.99,,"https://images.brickset.com/sets/images/3845-1.jpg",1985,379
7586,"3846","1","Games","","2010","UFO Attack",,88,7.99,,,,"https://images.brickset.com/sets/images/3846-1.jpg",473,468
7587,"3847","1","Games","","2010","Magma Monster",,95,9.99,14.99,19.99,,"https://images.brickset.com/sets/images/3847-1.jpg",1040,385
7588,"3848","1","Games","","2010","Pirate Plank",,122,9.99,14.99,19.99,,"https://images.brickset.com/sets/images/3848-1.jpg",1551,465
7895,"3849","1","Games","","2010","Orient Bazaar",,204,17.99,19.99,26.99,,"https://images.brickset.com/sets/images/3849-1.jpg",926,525
7925,"3850","1","Games","","2010","Meteor Strike",2,185,17.99,19.99,26.99,,"https://images.brickset.com/sets/images/3850-1.jpg",866,441
7896,"3851","1","Games","","2010","Atlantis Treasure",1,280,19.99,24.99,34.99,,"https://images.brickset.com/sets/images/3851-1.jpg",1010,473
7637,"3862","1","Games","Licensed","2010","Harry Potter Hogwarts",9,332,24.99,34.99,39.99,,"https://images.brickset.com/sets/images/3862-1.jpg",3396,683
7686,"4736","1","Harry Potter","Chamber of Secrets","2010","Freeing Dobby",3,73,10.49,10.99,14.99,,"https://images.brickset.com/sets/images/4736-1.jpg",7140,1518
8724,"30130","1","Pirates of the Caribbean","","2011","Mini Black Pearl",,50,,,,,"https://images.brickset.com/sets/images/30130-1.jpg",1649,1027
8734,"30131","1","Pirates of the Caribbean","","2011","Jack Sparrow's Boat",1,22,,,,,"https://images.brickset.com/sets/images/30131-1.jpg",2050,1364
8845,"30133","1","Pirates of the Caribbean","","2011","Jack Sparrow",1,5,,,,,"https://images.brickset.com/sets/images/30133-1.jpg",658,972
8785,"30140","1","Space","Alien Conquest","2011","ADU Walker",1,34,,,,,"https://images.brickset.com/sets/images/30140-1.jpg",440,722
8730,"30141","1","Space","Alien Conquest","2011","Jetpack",1,19,,,,,"https://images.brickset.com/sets/images/30141-1.jpg",2715,728
8670,"40019","1","Miscellaneous","","2011","Brickley the Sea Serpent",,59,,,,,"https://images.brickset.com/sets/images/40019-1.jpg",1291,268
9690,"40027","1","Seasonal","Christmas","2011","Christmas Candle",,,,,,,20,150
